ï»¿OK,the-forge.online,"ZaregistrovanĂ¡, v poriadku","ns.forpsi.net ns.forpsi.it",2026-11-25
OK,nexify-studio.cloud,"ZaregistrovanĂ¡, v poriadku","ns.forpsi.net ns.forpsi.it",2026-11-15
OK,nexify-studio.tech,"ZaregistrovanĂ¡, v poriadku","ns.forpsi.net ns.forpsi.it",2026-11-15
OK,bratislava-stahovanie.info,"ZaregistrovanĂ¡, v poriadku","ns.forpsi.net ns.forpsi.it",2026-08-23
OK,stahovanie.website,"ZaregistrovanĂ¡, v poriadku","ns.forpsi.net ns.forpsi.it",2026-08-21
OK,rubberduck.sk,"ZaregistrovanĂ¡, v poriadku","ns.forpsi.net ns.forpsi.it",2026-07-18
OK,tapfast.sk,"ZaregistrovanĂ¡, v poriadku","ns.forpsi.net ns.forpsi.it",2026-07-14
OK,pop-mart.cloud,"ZaregistrovanĂ¡, v poriadku","ns.forpsi.net ns.forpsi.it",2026-06-20
OK,h4ck3d.cloud,"ZaregistrovanĂ¡, v poriadku","ns.forpsi.net ns.forpsi.it",2026-06-19
OK,api-rest.nexify-studio.tech,\
API
REST
doména\,\ns.forpsi.net
ns.forpsi.it\,2026-11-15
